time,load@tsung_controller@3e43ea4093fb 
0,0.23046875 
10,0.23046875 
20,0.23046875 
30,0.23046875 
40,0.23046875 
50,0.23046875 
60,0.23046875 
70,0.23046875 
80,0.19140625 
90,0.16015625 
100,0.140625 
110,0.109375 
120,0.1015625 
130,0.078125 
131,0.0703125 
