time,cpu@tsung_controller@3e43ea4093fb 
0,5.752643255376691 
10,3.911457678279462 
20,3.109656301145663 
30,2.994087306579444 
40,2.994087306579444 
50,2.994087306579444 
60,2.9056603773584904 
70,2.9056603773584904 
80,2.9056603773584904 
90,2.9056603773584904 
100,2.9056603773584904 
110,2.9056603773584904 
120,2.9056603773584904 
122,2.9056603773584904 
