time,freemem@tsung_controller@90c4072c0a63 
0,6819.73046875 
10,6809.45703125 
20,6808.19140625 
30,6805.328125 
40,6804.25390625 
50,6801.1171875 
60,6798.84375 
70,6799.4453125 
80,6795.04296875 
90,6790.23046875 
100,6792.14453125 
110,6790.421875 
120,6783.83984375 
130,6785.23828125 
137,6785.26953125 
